label,left_iris_inner_to_left_iris_outer,left_iris_upper_to_left_iris_lower,left_iris_inner_to_left_eye_upper,left_iris_inner_to_left_eye_lower,left_iris_outer_to_left_eye_upper,left_iris_outer_to_left_eye_lower,right_iris_inner_to_right_iris_outer,right_iris_upper_to_right_iris_lower,right_iris_inner_to_right_eye_upper,right_iris_inner_to_right_eye_lower,right_iris_outer_to_right_eye_upper,right_iris_outer_to_right_eye_lower,left_iris_inner_to_nose_tip,left_iris_upper_to_nose_tip,left_iris_lower_to_nose_tip,right_iris_inner_to_nose_tip,right_iris_upper_to_nose_tip,right_iris_lower_to_nose_tip,nose_tip_to_nose_root,nose_left_to_nose_tip,nose_right_to_nose_tip,nose_left_to_nose_root,nose_right_to_nose_root,nose_left_to_nose_right
a_straight,39.00,33.02,19.31,24.08,22.14,26.40,38.12,34.06,29.12,29.41,14.87,19.80,137.64,162.48,144.25,97.10,120.80,94.18,97.51,72.95,52.63,146.18,144.54,94.01
a_upper,39.00,35.01,21.95,24.76,22.83,27.02,38.05,35.06,32.31,30.81,16.12,20.62,141.01,167.17,147.15,100.50,125.67,97.59,101.49,73.57,51.86,148.76,147.41,96.02
a_upper_right,39.05,36.01,29.53,31.06,17.69,23.02,38.12,34.06,26.40,26.17,19.80,25.61,133.66,160.53,138.68,105.68,130.42,104.14,102.40,73.57,51.86,150.05,148.08,96.02
a_right,40.05,34.01,28.23,30.53,16.64,22.80,38.21,32.06,24.35,23.35,19.21,24.19,130.23,156.40,136.53,100.21,123.56,99.49,99.61,73.25,52.01,147.12,146.45,94.02
a_lower_right,40.01,33.02,26.25,29.15,16.55,21.93,36.22,32.06,22.14,21.93,18.60,22.83,130.23,155.72,136.53,98.81,121.51,97.31,99.50,72.20,50.45,145.60,144.25,94.02
a_lower,39.01,34.01,19.24,22.02,23.41,26.63,38.12,33.06,29.12,28.84,14.87,19.10,139.82,165.95,146.99,95.02,118.46,91.93,99.61,72.56,50.45,144.67,144.54,95.05
a_lower_left,36.00,32.00,13.60,16.64,26.25,30.41,40.05,33.06,35.44,34.44,13.42,15.81,145.42,169.45,151.72,89.90,114.06,86.37,99.61,73.06,50.45,145.60,144.54,95.02
a_left,38.00,34.06,17.80,20.00,26.40,30.53,42.05,34.06,39.85,36.67,14.56,16.64,146.03,170.70,153.47,91.29,115.76,87.11,100.72,73.57,50.45,147.12,145.80,95.01
a_upper_left,39.00,35.06,19.85,21.40,27.29,31.06,42.01,33.02,42.38,38.48,15.13,16.55,146.99,172.47,154.05,94.85,119.36,92.10,102.59,73.06,50.99,148.41,147.05,97.01
