label,iris_left_upper,iris_left_lower,iris_left_outer,iris_left_inner,iris_right_upper,iris_right_lower,iris_right_outer,iris_right_inner,iris_left_nose,iris_right_nose
b_straight,12.37,17.00,38.00,44.64,12.81,18.25,39.05,40.26,142.84,128.97
b_upper,14.87,18.03,40.05,43.97,15.81,18.25,40.05,40.52,142.84,131.80
b_upper_right,18.36,18.44,43.01,39.22,12.65,18.44,34.06,43.42,138.71,135.88
b_right,19.24,18.03,43.01,39.56,12.37,17.26,33.02,43.17,136.52,133.69
b_lower_right,17.00,16.49,40.01,38.08,11.18,14.32,33.00,43.57,133.66,130.82
b_lower,12.37,16.00,37.00,44.15,12.81,15.52,38.01,37.85,140.07,125.32
b_lower_left,13.04,14.56,35.06,48.05,16.97,18.36,43.00,32.76,144.50,120.62
b_left,14.00,16.49,37.01,47.30,19.80,18.87,44.00,32.98,146.58,121.51
b_upper_left,13.00,17.72,36.01,49.73,20.52,21.47,45.04,32.89,148.60,125.25
